,Reports,Count,,Year,Sightings,,,,Decade,Sightings
2023,23-May,138,,2023,1374,,,,2020s,17445
2023,23-Apr,267,,2022,5035,,,,2010s,63279
2023,23-Mar,269,,2021,3626,,,,2000s,43537
2023,23-Feb,390,,2020,7410,,,,1990s,11277
2023,23-Jan,310,,2019,6413,,,,1980s,2768
2022,22-Dec,302,,2018,3546,,,,1970s,3208
2022,22-Nov,371,,2017,5160,,,,1960s,1745
2022,22-Oct,506,,2016,5773,,,,1950s,598
2022,22-Sep,558,,2015,7012,,7967,,1940s,153
2022,22-Aug,532,,2014,8779,,,,1930s,22
2022,22-Jul,517,,2013,7876,,,,1920s,8
2022,22-Jun,449,,2012,8201,,,,1910s,9
2022,22-May,455,,2011,5678,,,,1900s,4
2022,22-Apr,327,,2010,4841,,,,Before 1900s,21
2022,22-Mar,338,,2009,5026,,,,,144074
2022,22-Feb,326,,2008,5343,,,,,
2022,22-Jan,354,,2007,4765,,,,,124261
2021,21-Dec,379,,2006,4193,,,,,
2021,21-Nov,297,,2005,4544,,,,,
2021,21-Oct,300,,2004,4771,,,,,0.862480392
2021,21-Sep,279,,2003,4446,,,,,
2021,21-Aug,280,,2002,3728,,,,,
2021,21-Jul,233,,2001,3579,,,,,
2021,21-Jun,237,,2000,3142,,,,,
2021,21-May,496,,1999,3185,,,,,
2021,21-Apr,292,,1998,2056,,,,,
2021,21-Mar,265,,1997,1511,,,,,
2021,21-Feb,263,,1996,1049,,,,,
2021,21-Jan,305,,1995,1515,,,,,
2020,20-Dec,395,,1994,544,,,,,
2020,20-Nov,464,,1993,409,,,,,
2020,20-Oct,548,,1992,349,,,,,
2020,20-Sep,465,,1991,313,,,,,
2020,20-Aug,738,,1990,346,,,,,
2020,20-Jul,675,,1989,335,,,,,
2020,20-Jun,395,,1988,315,,,,,
2020,20-May,582,,1987,301,,,,,
2020,20-Apr,1055,,1986,256,,,,,
2020,20-Mar,839,,1985,287,,,,,
2020,20-Feb,620,,1984,233,,,,,
2020,20-Jan,634,,1983,243,,,,,
2019,19-Dec,767,,1982,244,,,,,
2019,19-Nov,712,,1981,224,,,,,
2019,19-Oct,759,,1980,330,,,,,
2019,19-Sep,678,,1979,331,,,,,
2019,19-Aug,496,,1978,447,,,,,
2019,19-Jul,619,,1977,372,,,,,
2019,19-Jun,496,,1976,372,,,,,
2019,19-May,554,,1975,412,,,,,
2019,19-Apr,411,,1974,358,,,,,
2019,19-Mar,335,,1973,309,,,,,
2019,19-Feb,223,,1972,235,,,,,
2019,19-Jan,363,,1971,161,,,,,
2018,18-Dec,251,,1970,211,,,,,
2018,18-Nov,261,,1969,209,,,,,
2018,18-Oct,298,,1968,290,,,,,
2018,18-Sep,322,,1967,266,,,,,
2018,18-Aug,386,,1966,263,,,,,
2018,18-Jul,455,,1965,236,,,,,
2018,18-Jun,253,,1964,122,,,,,
2018,18-May,259,,1963,108,,,,,
2018,18-Apr,246,,1962,93,,,,,
2018,18-Mar,243,,1961,65,,,,,
2018,18-Feb,250,,1960,93,,,,,
2018,18-Jan,322,,1959,71,,,,,
2017,17-Dec,517,,1958,68,,,,,
2017,17-Nov,369,,1957,93,,,,,
2017,17-Oct,501,,1956,63,,,,,
2017,17-Sep,462,,1955,51,,,,,
2017,17-Aug,423,,1954,68,,,,,
2017,17-Jul,532,,1953,46,,,,,
2017,17-Jun,435,,1952,67,,,,,
2017,17-May,370,,1951,30,,,,,
2017,17-Apr,424,,1950,41,,,,,
2017,17-Mar,353,,1949,23,,,,,
2017,17-Feb,432,,1948,14,,,,,
2017,17-Jan,342,,1947,51,,,,,
2016,16-Dec,364,,1946,13,,,,,
2016,16-Nov,508,,1945,15,,,,,
2016,16-Oct,499,,1944,14,,,,,
2016,16-Sep,604,,1943,10,,,,,
2016,16-Aug,570,,1942,7,,,,,
2016,16-Jul,710,,1941,4,,,,,
2016,16-Jun,447,,1940,2,,,,,
2016,16-May,391,,1939,3,,,,,
2016,16-Apr,394,,1938,1,,,,,
2016,16-Mar,419,,1937,3,,,,,
2016,16-Feb,440,,1936,3,,,,,
2016,16-Jan,427,,1935,1,,,,,
2015,15-Dec,445,,1934,1,,,,,
2015,15-Nov,919,,1933,1,,,,,
2015,15-Oct,673,,1932,2,,,,,
2015,15-Sep,751,,1931,2,,,,,
2015,15-Aug,635,,1930,5,,,,,
2015,15-Jul,752,,1929,2,,,,,
2015,15-Jun,507,,1928,1,,,,,
2015,15-May,477,,1927,0,,,,,
2015,15-Apr,468,,1926,0,,,,,
2015,15-Mar,486,,1925,1,,,,,
2015,15-Feb,350,,1924,0,,,,,
2015,15-Jan,549,,1923,0,,,,,
2014,14-Dec,533,,1922,1,,,,,
2014,14-Nov,554,,1921,0,,,,,
2014,14-Oct,810,,1920,3,,,,,
2014,14-Sep,852,,1919,0,,,,,
2014,14-Aug,944,,1918,1,,,,,
2014,14-Jul,1129,,1917,2,,,,,
2014,14-Jun,802,,1916,1,,,,,
2014,14-May,665,,1915,0,,,,,
2014,14-Apr,675,,1914,2,,,,,
2014,14-Mar,532,,1913,0,,,,,
2014,14-Feb,561,,1912,0,,,,,
2014,14-Jan,722,,1911,0,,,,,
2013,13-Dec,779,,1910,3,,,,,
2013,13-Nov,818,,1909,0,,,,,
2013,13-Oct,806,,1908,0,,,,,
2013,13-Sep,805,,1907,1,,,,,
2013,13-Aug,932,,1906,1,,,,,
2013,13-Jul,996,,1905,2,,,,,
2013,13-Jun,668,,1904,0,,,,,
2013,13-May,549,,1903,0,,,,,
2013,13-Apr,432,,1902,0,,,,,
2013,13-Mar,402,,1901,0,,,,,
2013,13-Feb,287,,1900,0,,,,,
2013,13-Jan,402,,Before 1900,21,,,,,
2012,12-Dec,683,,,,,,,,
2012,12-Nov,790,,,,,,,,
2012,12-Oct,688,,,,,,,,
2012,12-Sep,789,,,,,,,,
2012,12-Aug,917,,,,,,,,
2012,12-Jul,965,,,,,,,,
2012,12-Jun,783,,,,,,,,
2012,12-May,536,,,,,,,,
2012,12-Apr,513,,,,,,,,
2012,12-Mar,544,,,,,,,,
2012,12-Feb,401,,,,,,,,
2012,12-Jan,592,,,,,,,,
2011,11-Dec,545,,,,,,,,
2011,11-Nov,452,,,,,,,,
2011,11-Oct,652,,,,,,,,
2011,11-Sep,567,,,,,,,,
2011,11-Aug,649,,,,,,,,
2011,11-Jul,788,,,,,,,,
2011,11-Jun,429,,,,,,,,
2011,11-May,326,,,,,,,,
2011,11-Apr,319,,,,,,,,
2011,11-Mar,340,,,,,,,,
2011,11-Feb,278,,,,,,,,
2011,11-Jan,333,,,,,,,,
2010,10-Dec,315,,,,,,,,
2010,10-Nov,374,,,,,,,,
2010,10-Oct,482,,,,,,,,
2010,10-Sep,459,,,,,,,,
2010,10-Aug,548,,,,,,,,
2010,10-Jul,863,,,,,,,,
2010,10-Jun,399,,,,,,,,
2010,10-May,339,,,,,,,,
2010,10-Apr,298,,,,,,,,
2010,10-Mar,269,,,,,,,,
2010,10-Feb,199,,,,,,,,
2010,10-Jan,296,,,,,,,,
2009,9-Dec,297,,,,,,,,
2009,9-Nov,328,,,,,,,,
2009,9-Oct,330,,,,,,,,
2009,9-Sep,605,,,,,,,,
2009,9-Aug,510,,,,,,,,
2009,9-Jul,622,,,,,,,,
2009,9-Jun,402,,,,,,,,
2009,9-May,365,,,,,,,,
2009,9-Apr,322,,,,,,,,
2009,9-Mar,344,,,,,,,,
2009,9-Feb,399,,,,,,,,
2009,9-Jan,502,,,,,,,,
2008,8-Dec,354,,,,,,,,
2008,8-Nov,463,,,,,,,,
2008,8-Oct,540,,,,,,,,
2008,8-Sep,394,,,,,,,,
2008,8-Aug,518,,,,,,,,
2008,8-Jul,585,,,,,,,,
2008,8-Jun,497,,,,,,,,
2008,8-May,350,,,,,,,,
2008,8-Apr,446,,,,,,,,
2008,8-Mar,343,,,,,,,,
2008,8-Feb,373,,,,,,,,
2008,8-Jan,480,,,,,,,,
2007,7-Dec,362,,,,,,,,
2007,7-Nov,377,,,,,,,,
2007,7-Oct,451,,,,,,,,
2007,7-Sep,456,,,,,,,,
2007,7-Aug,479,,,,,,,,
2007,7-Jul,474,,,,,,,,
2007,7-Jun,439,,,,,,,,
2007,7-May,324,,,,,,,,
2007,7-Apr,326,,,,,,,,
2007,7-Mar,365,,,,,,,,
2007,7-Feb,269,,,,,,,,
2007,7-Jan,443,,,,,,,,
2006,6-Dec,389,,,,,,,,
2006,6-Nov,415,,,,,,,,
2006,6-Oct,405,,,,,,,,
2006,6-Sep,332,,,,,,,,
2006,6-Aug,432,,,,,,,,
2006,6-Jul,437,,,,,,,,
2006,6-Jun,351,,,,,,,,
2006,6-May,303,,,,,,,,
2006,6-Apr,326,,,,,,,,
2006,6-Mar,310,,,,,,,,
2006,6-Feb,236,,,,,,,,
2006,6-Jan,257,,,,,,,,
2005,5-Dec,280,,,,,,,,
2005,5-Nov,468,,,,,,,,
2005,5-Oct,492,,,,,,,,
2005,5-Sep,534,,,,,,,,
2005,5-Aug,356,,,,,,,,
2005,5-Jul,466,,,,,,,,
2005,5-Jun,417,,,,,,,,
2005,5-May,304,,,,,,,,
2005,5-Apr,321,,,,,,,,
2005,5-Mar,362,,,,,,,,
2005,5-Feb,280,,,,,,,,
2005,5-Jan,264,,,,,,,,
2004,4-Dec,309,,,,,,,,
2004,4-Nov,334,,,,,,,,
2004,4-Oct,457,,,,,,,,
2004,4-Sep,417,,,,,,,,
2004,4-Aug,556,,,,,,,,
2004,4-Jul,442,,,,,,,,
2004,4-Jun,438,,,,,,,,
2004,4-May,395,,,,,,,,
2004,4-Apr,398,,,,,,,,
2004,4-Mar,418,,,,,,,,
2004,4-Feb,302,,,,,,,,
2004,4-Jan,305,,,,,,,,
2003,3-Dec,386,,,,,,,,
2003,3-Nov,471,,,,,,,,
2003,3-Oct,477,,,,,,,,
2003,3-Sep,513,,,,,,,,
2003,3-Aug,548,,,,,,,,
2003,3-Jul,456,,,,,,,,
2003,3-Jun,317,,,,,,,,
2003,3-May,257,,,,,,,,
2003,3-Apr,228,,,,,,,,
2003,3-Mar,194,,,,,,,,
2003,3-Feb,270,,,,,,,,
2003,3-Jan,329,,,,,,,,
2002,2-Dec,255,,,,,,,,
2002,2-Nov,295,,,,,,,,
2002,2-Oct,342,,,,,,,,
2002,2-Sep,384,,,,,,,,
2002,2-Aug,493,,,,,,,,
2002,2-Jul,443,,,,,,,,
2002,2-Jun,362,,,,,,,,
2002,2-May,256,,,,,,,,
2002,2-Apr,194,,,,,,,,
2002,2-Mar,200,,,,,,,,
2002,2-Feb,262,,,,,,,,
2002,2-Jan,242,,,,,,,,
2001,1-Dec,217,,,,,,,,
2001,1-Nov,282,,,,,,,,
2001,1-Oct,262,,,,,,,,
2001,1-Sep,357,,,,,,,,
2001,1-Aug,402,,,,,,,,
2001,1-Jul,417,,,,,,,,
2001,1-Jun,322,,,,,,,,
2001,1-May,263,,,,,,,,
2001,1-Apr,242,,,,,,,,
2001,1-Mar,293,,,,,,,,
2001,1-Feb,237,,,,,,,,
2001,1-Jan,285,,,,,,,,
2000,Dec-00,238,,,,,,,,
2000,Nov-00,238,,,,,,,,
2000,Oct-00,334,,,,,,,,
2000,Sep-00,301,,,,,,,,
2000,Aug-00,302,,,,,,,,
2000,Jul-00,377,,,,,,,,
2000,Jun-00,287,,,,,,,,
2000,May-00,192,,,,,,,,
2000,Apr-00,202,,,,,,,,
2000,Mar-00,227,,,,,,,,
2000,Feb-00,207,,,,,,,,
2000,Jan-00,237,,,,,,,,
1999,Dec-99,229,,,,,,,,
1999,Nov-99,455,,,,,,,,
1999,Oct-99,315,,,,,,,,
1999,Sep-99,407,,,,,,,,
1999,Aug-99,325,,,,,,,,
1999,Jul-99,309,,,,,,,,
1999,Jun-99,297,,,,,,,,
1999,May-99,194,,,,,,,,
1999,Apr-99,167,,,,,,,,
1999,Mar-99,165,,,,,,,,
1999,Feb-99,176,,,,,,,,
1999,Jan-99,146,,,,,,,,
1998,Dec-98,196,,,,,,,,
1998,Nov-98,218,,,,,,,,
1998,Oct-98,232,,,,,,,,
1998,Sep-98,252,,,,,,,,
1998,Aug-98,180,,,,,,,,
1998,Jul-98,193,,,,,,,,
1998,Jun-98,221,,,,,,,,
1998,May-98,111,,,,,,,,
1998,Apr-98,131,,,,,,,,
1998,Mar-98,149,,,,,,,,
1998,Feb-98,88,,,,,,,,
1998,Jan-98,85,,,,,,,,
1997,Dec-97,76,,,,,,,,
1997,Nov-97,132,,,,,,,,
1997,Oct-97,117,,,,,,,,
1997,Sep-97,64,,,,,,,,
1997,Aug-97,138,,,,,,,,
1997,Jul-97,236,,,,,,,,
1997,Jun-97,217,,,,,,,,
1997,May-97,111,,,,,,,,
1997,Apr-97,98,,,,,,,,
1997,Mar-97,211,,,,,,,,
1997,Feb-97,50,,,,,,,,
1997,Jan-97,61,,,,,,,,
1996,Dec-96,86,,,,,,,,
1996,Nov-96,89,,,,,,,,
1996,Oct-96,59,,,,,,,,
1996,Sep-96,77,,,,,,,,
1996,Aug-96,93,,,,,,,,
1996,Jul-96,87,,,,,,,,
1996,Jun-96,165,,,,,,,,
1996,May-96,83,,,,,,,,
1996,Apr-96,106,,,,,,,,
1996,Mar-96,68,,,,,,,,
1996,Feb-96,76,,,,,,,,
1996,Jan-96,60,,,,,,,,
1995,Dec-95,61,,,,,,,,
1995,Nov-95,121,,,,,,,,
1995,Oct-95,113,,,,,,,,
1995,Sep-95,136,,,,,,,,
1995,Aug-95,202,,,,,,,,
1995,Jul-95,142,,,,,,,,
1995,Jun-95,196,,,,,,,,
1995,May-95,106,,,,,,,,
1995,Apr-95,96,,,,,,,,
1995,Mar-95,126,,,,,,,,
1995,Feb-95,116,,,,,,,,
1995,Jan-95,100,,,,,,,,
1994,Dec-94,42,,,,,,,,
1994,Nov-94,28,,,,,,,,
1994,Oct-94,71,,,,,,,,
1994,Sep-94,42,,,,,,,,
1994,Aug-94,69,,,,,,,,
1994,Jul-94,65,,,,,,,,
1994,Jun-94,101,,,,,,,,
1994,May-94,38,,,,,,,,
1994,Apr-94,32,,,,,,,,
1994,Mar-94,25,,,,,,,,
1994,Feb-94,11,,,,,,,,
1994,Jan-94,20,,,,,,,,
1993,Dec-93,18,,,,,,,,
1993,Nov-93,20,,,,,,,,
1993,Oct-93,27,,,,,,,,
1993,Sep-93,32,,,,,,,,
1993,Aug-93,45,,,,,,,,
1993,Jul-93,51,,,,,,,,
1993,Jun-93,109,,,,,,,,
1993,May-93,32,,,,,,,,
1993,Apr-93,17,,,,,,,,
1993,Mar-93,20,,,,,,,,
1993,Feb-93,18,,,,,,,,
1993,Jan-93,20,,,,,,,,
1992,Dec-92,15,,,,,,,,
1992,Nov-92,19,,,,,,,,
1992,Oct-92,42,,,,,,,,
1992,Sep-92,31,,,,,,,,
1992,Aug-92,35,,,,,,,,
1992,Jul-92,47,,,,,,,,
1992,Jun-92,76,,,,,,,,
1992,May-92,24,,,,,,,,
1992,Apr-92,25,,,,,,,,
1992,Mar-92,13,,,,,,,,
1992,Feb-92,16,,,,,,,,
1992,Jan-92,6,,,,,,,,
1991,Dec-91,12,,,,,,,,
1991,Nov-91,20,,,,,,,,
1991,Oct-91,22,,,,,,,,
1991,Sep-91,34,,,,,,,,
1991,Aug-91,36,,,,,,,,
1991,Jul-91,45,,,,,,,,
1991,Jun-91,60,,,,,,,,
1991,May-91,29,,,,,,,,
1991,Apr-91,16,,,,,,,,
1991,Mar-91,15,,,,,,,,
1991,Feb-91,9,,,,,,,,
1991,Jan-91,15,,,,,,,,
1990,Dec-90,18,,,,,,,,
1990,Nov-90,23,,,,,,,,
1990,Oct-90,30,,,,,,,,
1990,Sep-90,26,,,,,,,,
1990,Aug-90,42,,,,,,,,
1990,Jul-90,55,,,,,,,,
1990,Jun-90,69,,,,,,,,
1990,May-90,21,,,,,,,,
1990,Apr-90,10,,,,,,,,
1990,Mar-90,10,,,,,,,,
1990,Feb-90,23,,,,,,,,
1990,Jan-90,19,,,,,,,,
1989,Dec-89,21,,,,,,,,
1989,Nov-89,28,,,,,,,,
1989,Oct-89,41,,,,,,,,
1989,Sep-89,27,,,,,,,,
1989,Aug-89,26,,,,,,,,
1989,Jul-89,44,,,,,,,,
1989,Jun-89,69,,,,,,,,
1989,May-89,25,,,,,,,,
1989,Apr-89,15,,,,,,,,
1989,Mar-89,13,,,,,,,,
1989,Feb-89,10,,,,,,,,
1989,Jan-89,16,,,,,,,,
1988,Dec-88,8,,,,,,,,
1988,Nov-88,19,,,,,,,,
1988,Oct-88,42,,,,,,,,
1988,Sep-88,22,,,,,,,,
1988,Aug-88,58,,,,,,,,
1988,Jul-88,39,,,,,,,,
1988,Jun-88,66,,,,,,,,
1988,May-88,14,,,,,,,,
1988,Apr-88,11,,,,,,,,
1988,Mar-88,16,,,,,,,,
1988,Feb-88,6,,,,,,,,
1988,Jan-88,14,,,,,,,,
1987,Dec-87,17,,,,,,,,
1987,Nov-87,20,,,,,,,,
1987,Oct-87,30,,,,,,,,
1987,Sep-87,15,,,,,,,,
1987,Aug-87,36,,,,,,,,
1987,Jul-87,51,,,,,,,,
1987,Jun-87,58,,,,,,,,
1987,May-87,23,,,,,,,,
1987,Apr-87,19,,,,,,,,
1987,Mar-87,12,,,,,,,,
1987,Feb-87,7,,,,,,,,
1987,Jan-87,13,,,,,,,,
1986,Dec-86,9,,,,,,,,
1986,Nov-86,13,,,,,,,,
1986,Oct-86,31,,,,,,,,
1986,Sep-86,19,,,,,,,,
1986,Aug-86,33,,,,,,,,
1986,Jul-86,30,,,,,,,,
1986,Jun-86,60,,,,,,,,
1986,May-86,14,,,,,,,,
1986,Apr-86,19,,,,,,,,
1986,Mar-86,10,,,,,,,,
1986,Feb-86,10,,,,,,,,
1986,Jan-86,8,,,,,,,,
1985,Dec-85,11,,,,,,,,
1985,Nov-85,12,,,,,,,,
1985,Oct-85,22,,,,,,,,
1985,Sep-85,24,,,,,,,,
1985,Aug-85,31,,,,,,,,
1985,Jul-85,42,,,,,,,,
1985,Jun-85,89,,,,,,,,
1985,May-85,20,,,,,,,,
1985,Apr-85,10,,,,,,,,
1985,Mar-85,11,,,,,,,,
1985,Feb-85,4,,,,,,,,
1985,Jan-85,11,,,,,,,,
1984,Dec-84,9,,,,,,,,
1984,Nov-84,13,,,,,,,,
1984,Oct-84,23,,,,,,,,
1984,Sep-84,19,,,,,,,,
1984,Aug-84,32,,,,,,,,
1984,Jul-84,32,,,,,,,,
1984,Jun-84,58,,,,,,,,
1984,May-84,13,,,,,,,,
1984,Apr-84,9,,,,,,,,
1984,Mar-84,11,,,,,,,,
1984,Feb-84,6,,,,,,,,
1984,Jan-84,8,,,,,,,,
1983,Dec-83,9,,,,,,,,
1983,Nov-83,10,,,,,,,,
1983,Oct-83,16,,,,,,,,
1983,Sep-83,20,,,,,,,,
1983,Aug-83,21,,,,,,,,
1983,Jul-83,37,,,,,,,,
1983,Jun-83,63,,,,,,,,
1983,May-83,21,,,,,,,,
1983,Apr-83,27,,,,,,,,
1983,Mar-83,8,,,,,,,,
1983,Feb-83,6,,,,,,,,
1983,Jan-83,5,,,,,,,,
1982,Dec-82,10,,,,,,,,
1982,Nov-82,9,,,,,,,,
1982,Oct-82,25,,,,,,,,
1982,Sep-82,21,,,,,,,,
1982,Aug-82,27,,,,,,,,
1982,Jul-82,38,,,,,,,,
1982,Jun-82,73,,,,,,,,
1982,May-82,19,,,,,,,,
1982,Apr-82,6,,,,,,,,
1982,Mar-82,3,,,,,,,,
1982,Feb-82,5,,,,,,,,
1982,Jan-82,8,,,,,,,,
1981,Dec-81,7,,,,,,,,
1981,Nov-81,13,,,,,,,,
1981,Oct-81,18,,,,,,,,
1981,Sep-81,24,,,,,,,,
1981,Aug-81,26,,,,,,,,
1981,Jul-81,26,,,,,,,,
1981,Jun-81,57,,,,,,,,
1981,May-81,17,,,,,,,,
1981,Apr-81,13,,,,,,,,
1981,Mar-81,6,,,,,,,,
1981,Feb-81,4,,,,,,,,
1981,Jan-81,13,,,,,,,,
1980,Dec-80,20,,,,,,,,
1980,Nov-80,8,,,,,,,,
1980,Oct-80,31,,,,,,,,
1980,Sep-80,27,,,,,,,,
1980,Aug-80,31,,,,,,,,
1980,Jul-80,48,,,,,,,,
1980,Jun-80,90,,,,,,,,
1980,May-80,27,,,,,,,,
1980,Apr-80,7,,,,,,,,
1980,Mar-80,16,,,,,,,,
1980,Feb-80,8,,,,,,,,
1980,Jan-80,17,,,,,,,,
1979,Dec-79,10,,,,,,,,
1979,Nov-79,22,,,,,,,,
1979,Oct-79,22,,,,,,,,
1979,Sep-79,31,,,,,,,,
1979,Aug-79,34,,,,,,,,
1979,Jul-79,47,,,,,,,,
1979,Jun-79,86,,,,,,,,
1979,May-79,20,,,,,,,,
1979,Apr-79,18,,,,,,,,
1979,Mar-79,16,,,,,,,,
1979,Feb-79,13,,,,,,,,
1979,Jan-79,12,,,,,,,,
1978,Dec-78,17,,,,,,,,
1978,Nov-78,27,,,,,,,,
1978,Oct-78,30,,,,,,,,
1978,Sep-78,25,,,,,,,,
1978,Aug-78,70,,,,,,,,
1978,Jul-78,90,,,,,,,,
1978,Jun-78,95,,,,,,,,
1978,May-78,23,,,,,,,,
1978,Apr-78,17,,,,,,,,
1978,Mar-78,17,,,,,,,,
1978,Feb-78,15,,,,,,,,
1978,Jan-78,21,,,,,,,,
1977,Dec-77,14,,,,,,,,
1977,Nov-77,17,,,,,,,,
1977,Oct-77,22,,,,,,,,
1977,Sep-77,25,,,,,,,,
1977,Aug-77,42,,,,,,,,
1977,Jul-77,85,,,,,,,,
1977,Jun-77,83,,,,,,,,
1977,May-77,26,,,,,,,,
1977,Apr-77,15,,,,,,,,
1977,Mar-77,21,,,,,,,,
1977,Feb-77,6,,,,,,,,
1977,Jan-77,16,,,,,,,,
1976,Dec-76,16,,,,,,,,
1976,Nov-76,20,,,,,,,,
1976,Oct-76,23,,,,,,,,
1976,Sep-76,34,,,,,,,,
1976,Aug-76,34,,,,,,,,
1976,Jul-76,72,,,,,,,,
1976,Jun-76,118,,,,,,,,
1976,May-76,17,,,,,,,,
1976,Apr-76,10,,,,,,,,
1976,Mar-76,5,,,,,,,,
1976,Feb-76,11,,,,,,,,
1976,Jan-76,12,,,,,,,,
1975,Dec-75,16,,,,,,,,
1975,Nov-75,20,,,,,,,,
1975,Oct-75,38,,,,,,,,
1975,Sep-75,28,,,,,,,,
1975,Aug-75,47,,,,,,,,
1975,Jul-75,68,,,,,,,,
1975,Jun-75,128,,,,,,,,
1975,May-75,14,,,,,,,,
1975,Apr-75,16,,,,,,,,
1975,Mar-75,15,,,,,,,,
1975,Feb-75,5,,,,,,,,
1975,Jan-75,17,,,,,,,,
1974,Dec-74,8,,,,,,,,
1974,Nov-74,25,,,,,,,,
1974,Oct-74,34,,,,,,,,
1974,Sep-74,33,,,,,,,,
1974,Aug-74,42,,,,,,,,
1974,Jul-74,56,,,,,,,,
1974,Jun-74,89,,,,,,,,
1974,May-74,25,,,,,,,,
1974,Apr-74,20,,,,,,,,
1974,Mar-74,7,,,,,,,,
1974,Feb-74,5,,,,,,,,
1974,Jan-74,14,,,,,,,,
1973,Dec-73,5,,,,,,,,
1973,Nov-73,23,,,,,,,,
1973,Oct-73,54,,,,,,,,
1973,Sep-73,27,,,,,,,,
1973,Aug-73,29,,,,,,,,
1973,Jul-73,49,,,,,,,,
1973,Jun-73,68,,,,,,,,
1973,May-73,13,,,,,,,,
1973,Apr-73,12,,,,,,,,
1973,Mar-73,13,,,,,,,,
1973,Feb-73,9,,,,,,,,
1973,Jan-73,7,,,,,,,,
1972,Dec-72,7,,,,,,,,
1972,Nov-72,8,,,,,,,,
1972,Oct-72,22,,,,,,,,
1972,Sep-72,20,,,,,,,,
1972,Aug-72,28,,,,,,,,
1972,Jul-72,37,,,,,,,,
1972,Jun-72,80,,,,,,,,
1972,May-72,13,,,,,,,,
1972,Apr-72,3,,,,,,,,
1972,Mar-72,10,,,,,,,,
1972,Feb-72,2,,,,,,,,
1972,Jan-72,5,,,,,,,,
1971,Dec-71,2,,,,,,,,
1971,Nov-71,8,,,,,,,,
1971,Oct-71,11,,,,,,,,
1971,Sep-71,17,,,,,,,,
1971,Aug-71,18,,,,,,,,
1971,Jul-71,25,,,,,,,,
1971,Jun-71,42,,,,,,,,
1971,May-71,10,,,,,,,,
1971,Apr-71,10,,,,,,,,
1971,Mar-71,3,,,,,,,,
1971,Feb-71,8,,,,,,,,
1971,Jan-71,7,,,,,,,,
1970,Dec-70,9,,,,,,,,
1970,Nov-70,7,,,,,,,,
1970,Oct-70,16,,,,,,,,
1970,Sep-70,15,,,,,,,,
1970,Aug-70,20,,,,,,,,
1970,Jul-70,32,,,,,,,,
1970,Jun-70,65,,,,,,,,
1970,May-70,14,,,,,,,,
1970,Apr-70,6,,,,,,,,
1970,Mar-70,7,,,,,,,,
1970,Feb-70,7,,,,,,,,
1970,Jan-70,13,,,,,,,,
1969,Dec-69,8,,,,,,,,
1969,Nov-69,14,,,,,,,,
1969,Oct-69,19,,,,,,,,
1969,Sep-69,7,,,,,,,,
1969,Aug-69,30,,,,,,,,
1969,Jul-69,42,,,,,,,,
1969,Jun-69,55,,,,,,,,
1969,May-69,10,,,,,,,,
1969,Apr-69,6,,,,,,,,
1969,Mar-69,6,,,,,,,,
1969,Feb-69,2,,,,,,,,
1969,Jan-69,10,,,,,,,,
1968,Dec-68,10,,,,,,,,
1968,Nov-68,9,,,,,,,,
1968,Oct-68,27,,,,,,,,
1968,Sep-68,16,,,,,,,,
1968,Aug-68,31,,,,,,,,
1968,Jul-68,53,,,,,,,,
1968,Jun-68,90,,,,,,,,
1968,May-68,17,,,,,,,,
1968,Apr-68,13,,,,,,,,
1968,Mar-68,2,,,,,,,,
1968,Feb-68,4,,,,,,,,
1968,Jan-68,18,,,,,,,,
1967,Dec-67,4,,,,,,,,
1967,Nov-67,12,,,,,,,,
1967,Oct-67,22,,,,,,,,
1967,Sep-67,28,,,,,,,,
1967,Aug-67,46,,,,,,,,
1967,Jul-67,22,,,,,,,,
1967,Jun-67,82,,,,,,,,
1967,May-67,12,,,,,,,,
1967,Apr-67,19,,,,,,,,
1967,Mar-67,7,,,,,,,,
1967,Feb-67,6,,,,,,,,
1967,Jan-67,6,,,,,,,,
1966,Dec-66,7,,,,,,,,
1966,Nov-66,17,,,,,,,,
1966,Oct-66,20,,,,,,,,
1966,Sep-66,23,,,,,,,,
1966,Aug-66,23,,,,,,,,
1966,Jul-66,27,,,,,,,,
1966,Jun-66,87,,,,,,,,
1966,May-66,17,,,,,,,,
1966,Apr-66,13,,,,,,,,
1966,Mar-66,19,,,,,,,,
1966,Feb-66,3,,,,,,,,
1966,Jan-66,7,,,,,,,,
1965,Dec-65,17,,,,,,,,
1965,Nov-65,10,,,,,,,,
1965,Oct-65,23,,,,,,,,
1965,Sep-65,11,,,,,,,,
1965,Aug-65,34,,,,,,,,
1965,Jul-65,39,,,,,,,,
1965,Jun-65,70,,,,,,,,
1965,May-65,11,,,,,,,,
1965,Apr-65,10,,,,,,,,
1965,Mar-65,2,,,,,,,,
1965,Feb-65,4,,,,,,,,
1965,Jan-65,5,,,,,,,,
1964,Nov-64,5,,,,,,,,
1964,Oct-64,5,,,,,,,,
1964,Sep-64,13,,,,,,,,
1964,Aug-64,20,,,,,,,,
1964,Jul-64,21,,,,,,,,
1964,Jun-64,37,,,,,,,,
1964,May-64,9,,,,,,,,
1964,Apr-64,4,,,,,,,,
1964,Mar-64,4,,,,,,,,
1964,Feb-64,1,,,,,,,,
1964,Jan-64,3,,,,,,,,
1963,Dec-63,1,,,,,,,,
1963,Nov-63,3,,,,,,,,
1963,Oct-63,5,,,,,,,,
1963,Sep-63,1,,,,,,,,
1963,Aug-63,11,,,,,,,,
1963,Jul-63,22,,,,,,,,
1963,Jun-63,40,,,,,,,,
1963,May-63,10,,,,,,,,
1963,Apr-63,5,,,,,,,,
1963,Mar-63,4,,,,,,,,
1963,Feb-63,2,,,,,,,,
1963,Jan-63,4,,,,,,,,
1962,Dec-62,2,,,,,,,,
1962,Nov-62,5,,,,,,,,
1962,Oct-62,3,,,,,,,,
1962,Sep-62,9,,,,,,,,
1962,Aug-62,11,,,,,,,,
1962,Jul-62,17,,,,,,,,
1962,Jun-62,28,,,,,,,,
1962,May-62,5,,,,,,,,
1962,Apr-62,3,,,,,,,,
1962,Mar-62,7,,,,,,,,
1962,Feb-62,2,,,,,,,,
1962,Jan-62,1,,,,,,,,
1961,Dec-61,4,,,,,,,,
1961,Nov-61,2,,,,,,,,
1961,Oct-61,6,,,,,,,,
1961,Sep-61,3,,,,,,,,
1961,Aug-61,9,,,,,,,,
1961,Jul-61,8,,,,,,,,
1961,Jun-61,17,,,,,,,,
1961,May-61,6,,,,,,,,
1961,Apr-61,3,,,,,,,,
1961,Mar-61,2,,,,,,,,
1961,Feb-61,2,,,,,,,,
1961,Jan-61,3,,,,,,,,
1960,Nov-60,3,,,,,,,,
1960,Oct-60,4,,,,,,,,
1960,Sep-60,7,,,,,,,,
1960,Aug-60,16,,,,,,,,
1960,Jul-60,15,,,,,,,,
1960,Jun-60,34,,,,,,,,
1960,May-60,4,,,,,,,,
1960,Apr-60,3,,,,,,,,
1960,Mar-60,3,,,,,,,,
1960,Feb-60,3,,,,,,,,
1960,Jan-60,1,,,,,,,,
1959,Dec-59,3,,,,,,,,
1959,Nov-59,2,,,,,,,,
1959,Oct-59,9,,,,,,,,
1959,Sep-59,4,,,,,,,,
1959,Aug-59,8,,,,,,,,
1959,Jul-59,12,,,,,,,,
1959,Jun-59,22,,,,,,,,
1959,May-59,4,,,,,,,,
1959,Apr-59,3,,,,,,,,
1959,Mar-59,3,,,,,,,,
1959,Jan-59,1,,,,,,,,
1958,Dec-58,2,,,,,,,,
1958,Nov-58,2,,,,,,,,
1958,Oct-58,3,,,,,,,,
1958,Sep-58,7,,,,,,,,
1958,Aug-58,7,,,,,,,,
1958,Jul-58,9,,,,,,,,
1958,Jun-58,25,,,,,,,,
1958,May-58,4,,,,,,,,
1958,Apr-58,4,,,,,,,,
1958,Feb-58,1,,,,,,,,
1958,Jan-58,4,,,,,,,,
1957,Dec-57,1,,,,,,,,
1957,Nov-57,3,,,,,,,,
1957,Oct-57,9,,,,,,,,
1957,Sep-57,10,,,,,,,,
1957,Aug-57,15,,,,,,,,
1957,Jul-57,17,,,,,,,,
1957,Jun-57,26,,,,,,,,
1957,May-57,3,,,,,,,,
1957,Apr-57,3,,,,,,,,
1957,Mar-57,5,,,,,,,,
1957,Jan-57,1,,,,,,,,
1956,Dec-56,2,,,,,,,,
1956,Nov-56,2,,,,,,,,
1956,Oct-56,4,,,,,,,,
1956,Sep-56,5,,,,,,,,
1956,Aug-56,3,,,,,,,,
1956,Jul-56,8,,,,,,,,
1956,Jun-56,28,,,,,,,,
1956,May-56,3,,,,,,,,
1956,Apr-56,1,,,,,,,,
1956,Mar-56,4,,,,,,,,
1956,Feb-56,1,,,,,,,,
1956,Jan-56,2,,,,,,,,
1955,Oct-55,7,,,,,,,,
1955,Sep-55,2,,,,,,,,
1955,Aug-55,6,,,,,,,,
1955,Jul-55,6,,,,,,,,
1955,Jun-55,22,,,,,,,,
1955,May-55,3,,,,,,,,
1955,Mar-55,1,,,,,,,,
1955,Feb-55,2,,,,,,,,
1955,Jan-55,2,,,,,,,,
1954,Dec-54,2,,,,,,,,
1954,Nov-54,3,,,,,,,,
1954,Oct-54,3,,,,,,,,
1954,Sep-54,3,,,,,,,,
1954,Aug-54,8,,,,,,,,
1954,Jul-54,12,,,,,,,,
1954,Jun-54,27,,,,,,,,
1954,May-54,2,,,,,,,,
1954,Apr-54,1,,,,,,,,
1954,Feb-54,3,,,,,,,,
1954,Jan-54,4,,,,,,,,
1953,Nov-53,4,,,,,,,,
1953,Oct-53,2,,,,,,,,
1953,Sep-53,2,,,,,,,,
1953,Aug-53,7,,,,,,,,
1953,Jul-53,8,,,,,,,,
1953,Jun-53,12,,,,,,,,
1953,May-53,2,,,,,,,,
1953,Apr-53,6,,,,,,,,
1953,Mar-53,1,,,,,,,,
1953,Jan-53,2,,,,,,,,
1952,Dec-52,3,,,,,,,,
1952,Oct-52,5,,,,,,,,
1952,Sep-52,3,,,,,,,,
1952,Aug-52,5,,,,,,,,
1952,Jul-52,17,,,,,,,,
1952,Jun-52,27,,,,,,,,
1952,May-52,2,,,,,,,,
1952,Apr-52,2,,,,,,,,
1952,Feb-52,2,,,,,,,,
1952,Jan-52,1,,,,,,,,
1951,Dec-51,1,,,,,,,,
1951,Nov-51,1,,,,,,,,
1951,Oct-51,1,,,,,,,,
1951,Aug-51,3,,,,,,,,
1951,Jul-51,8,,,,,,,,
1951,Jun-51,9,,,,,,,,
1951,May-51,1,,,,,,,,
1951,Apr-51,1,,,,,,,,
1951,Mar-51,1,,,,,,,,
1951,Feb-51,3,,,,,,,,
1951,Jan-51,1,,,,,,,,
1950,Dec-50,1,,,,,,,,
1950,Oct-50,2,,,,,,,,
1950,Sep-50,1,,,,,,,,
1950,Aug-50,3,,,,,,,,
1950,Jul-50,8,,,,,,,,
1950,Jun-50,18,,,,,,,,
1950,May-50,2,,,,,,,,
1950,Apr-50,3,,,,,,,,
1950,Mar-50,1,,,,,,,,
1950,Jan-50,2,,,,,,,,
1949,Dec-49,1,,,,,,,,
1949,Oct-49,3,,,,,,,,
1949,Sep-49,2,,,,,,,,
1949,Aug-49,5,,,,,,,,
1949,Jul-49,3,,,,,,,,
1949,Jun-49,6,,,,,,,,
1949,May-49,2,,,,,,,,
1949,Apr-49,1,,,,,,,,
1948,Dec-48,1,,,,,,,,
1948,Nov-48,1,,,,,,,,
1948,Aug-48,2,,,,,,,,
1948,Jul-48,1,,,,,,,,
1948,Jun-48,7,,,,,,,,
1948,May-48,1,,,,,,,,
1948,Apr-48,1,,,,,,,,
1947,Dec-47,1,,,,,,,,
1947,Oct-47,3,,,,,,,,
1947,Aug-47,5,,,,,,,,
1947,Jul-47,22,,,,,,,,
1947,Jun-47,14,,,,,,,,
1947,Apr-47,2,,,,,,,,
1947,Feb-47,1,,,,,,,,
1947,Jan-47,3,,,,,,,,
1946,Dec-46,1,,,,,,,,
1946,Sep-46,2,,,,,,,,
1946,Jul-46,2,,,,,,,,
1946,Jun-46,4,,,,,,,,
1946,May-46,1,,,,,,,,
1946,Mar-46,1,,,,,,,,
1946,Feb-46,1,,,,,,,,
1946,Jan-46,1,,,,,,,,
1945,Dec-45,1,,,,,,,,
1945,Aug-45,2,,,,,,,,
1945,Jul-45,2,,,,,,,,
1945,Jun-45,7,,,,,,,,
1945,May-45,1,,,,,,,,
1945,Apr-45,1,,,,,,,,
1945,Jan-45,1,,,,,,,,
1944,Sep-44,1,,,,,,,,
1944,Aug-44,1,,,,,,,,
1944,Jul-44,2,,,,,,,,
1944,Jun-44,4,,,,,,,,
1944,Apr-44,2,,,,,,,,
1944,Mar-44,1,,,,,,,,
1944,Jan-44,3,,,,,,,,
1943,Oct-43,1,,,,,,,,
1943,Sep-43,1,,,,,,,,
1943,Aug-43,3,,,,,,,,
1943,Jun-43,3,,,,,,,,
1943,Apr-43,1,,,,,,,,
1943,Jan-43,1,,,,,,,,
1942,Nov-42,1,,,,,,,,
1942,Jul-42,1,,,,,,,,
1942,Jun-42,1,,,,,,,,
1942,Feb-42,4,,,,,,,,
1941,Jul-41,2,,,,,,,,
1941,Jun-41,2,,,,,,,,
1940,Aug-40,1,,,,,,,,
1940,Jun-40,1,,,,,,,,
1939,Jul-39,1,,,,,,,,
1939,Jun-39,2,,,,,,,,
1938,Jun-38,1,,,,,,,,
1937,Aug-37,1,,,,,,,,
1937,Jun-37,2,,,,,,,,
1936,Oct-36,1,,,,,,,,
1936,Sep-36,1,,,,,,,,
1936,Jul-36,1,,,,,,,,
1935,Jun-35,1,,,,,,,,
1934,Sep-34,1,,,,,,,,
1933,Apr-33,1,,,,,,,,
1932,Oct-32,1,,,,,,,,
1932,Feb-32,1,,,,,,,,
1931,Jun-31,1,,,,,,,,
1931,Feb-31,1,,,,,,,,
1930,30-Aug,1,,,,,,,,
1930,30-Jun,4,,,,,,,,
1929,29-Jul,1,,,,,,,,
1929,29-Jan,1,,,,,,,,
1928,28-Jul,1,,,,,,,,
1925,25-Dec,1,,,,,,,,
1922,22-Dec,1,,,,,,,,
1920,20-Aug,1,,,,,,,,
1920,20-Jun,2,,,,,,,,
1918,18-Jun,1,,,,,,,,
1917,17-Oct,2,,,,,,,,
1916,16-Apr,1,,,,,,,,
1914,14-Dec,1,,,,,,,,
1914,14-Sep,1,,,,,,,,
1910,10-Jun,1,,,,,,,,
1910,10-May,1,,,,,,,,
1910,10-Jan,1,,,,,,,,
1907,7-Jun,1,,,,,,,,
1906,6-Nov,1,,,,,,,,
1905,5-Jul,2,,,,,,,,
#VALUE!,06/1899,1,,,,,,,,
#VALUE!,06/1898,1,,,,,,,,
#VALUE!,04/1897,2,,,,,,,,
#VALUE!,06/1896,1,,,,,,,,
#VALUE!,10/1886,1,,,,,,,,
#VALUE!,12/1880,1,,,,,,,,
#VALUE!,06/1871,1,,,,,,,,
#VALUE!,06/1865,1,,,,,,,,
#VALUE!,05/1864,2,,,,,,,,
#VALUE!,03/1861,1,,,,,,,,
#VALUE!,08/1860,1,,,,,,,,
#VALUE!,04/1800,1,,,,,,,,
#VALUE!,06/1790,1,,,,,,,,
#VALUE!,12/1762,1,,,,,,,,
#VALUE!,02/1721,1,,,,,,,,
#VALUE!,09/1639,1,,,,,,,,
#VALUE!,04/1561,2,,,,,,,,
#VALUE!,06/1400,1,,,,,,,,
#VALUE!,UNSPECIFIED / APPROXIMATE,377,,,,,,,,
